Country,Number_of_Completed_Adoptions_to_US,Year
Albania,16,2001
Andorra,0,2001
Australia,0,2001
Austria,0,2001
Azerbaijan,16,2001
Belarus,129,2001
Bolivia,35,2001
Brazil,33,2001
Bulgaria,297,2001
Burkina Faso,0,2001
Burundi,0,2001
Canada,2,2001
Chile,3,2001
Colombia,265,2001
Costa Rica,9,2001
Cyprus,0,2001
Czech Republic,0,2001
Denmark,0,2001
Ecuador,50,2001
El Salvador,4,2001
Estonia,10,2001
Finland,0,2001
France,0,2001
Georgia,16,2001
Germany,1,2001
Guinea,0,2001
Iceland,0,2001
India,543,2001
Israel,0,2001
Italy,0,2001
Latvia,27,2001
Lithuania,30,2001
Luxembourg,0,2001
Madagascar,2,2001
Malta,0,2001
Mauritius,0,2001
Mexico,72,2001
Moldova,46,2001
Monaco,0,2001
Monglia,4,2001
Netherlands,0,2001
New Zealand,0,2001
Norway,0,2001
Panama,4,2001
Paraguay,1,2001
Peru,23,2001
Philippines,219,2001
Poland,86,2001
Portugal,1,2001
Romania,783,2001
San Marino,0,2001
Slovakia,24,2001
Slovenia,0,2001
South Africa,14,2001
Spain,0,2001
Sri Lanka,4,2001
Sweden,0,2001
Switzerland,0,2001
Thailand,74,2001
Turkey,3,2001
United Kingdom,4,2001
Uruguay,0,2001
Venezuela,4,2001
Afghanistan,3,2001
Algeria,1,2001
Armenia,26,2001
Bangladesh,8,2001
Barbados,1,2001
Belize,5,2001
Bosnia and Herzegovina,1,2001
Botswana,1,2001
Burma,2,2001
Cambodia,407,2001
Cameroon,4,2001
Cape Verde,1,2001
Chad,1,2001
China,4744,2001
Congo,6,2001
Cote d'Ivoire,2,2001
Croatia,1,2001
Dominica,2,2001
Dominican Republic,12,2001
Egypt,1,2001
Eritrea,1,2001
Ethiopia,166,2001
Fiji,7,2001
Ghana,18,2001
Grenada,1,2001
Guatemala,1610,2001
Guinea-Bissau,1,2001
Guyana,17,2001
Haiti,192,2001
Honduras,5,2001
Hong Kong S.A.R.,27,2001
Hungary,13,2001
Indonesia,4,2001
Iran,10,2001
Jamaica,51,2001
Japan,39,2001
Jordan,2,2001
Kazakhstan,672,2001
Kenya,15,2001
Lebanon,15,2001
Liberia,46,2001
Macedonia,2,2001
Mexico,1,2001
Morocco,6,2001
Namibia,1,2001
Nepal,5,2001
Nicaragua,12,2001
Niger,1,2001
Nigeria,33,2001
Northern Ireland,1,2001
Pakistan,26,2001
Palestinian Authority,1,2001
Russia,4278,2001
Rwanda,2,2001
Samoa,6,2001
Senegal,1,2001
Serbia and Montenegro,3,2001
Sierra Leone,8,2001
South Korea,1861,2001
St. Kitts and Nevis,1,2001
St. Lucia,1,2001
Suriname,1,2001
Tanzania,1,2001
Tonga,6,2001
Uganda,3,2001
Ukraine,1248,2001
Uzbekistan,1,2001
Vietnam,737,2001
Zambia,1,2001
Albania,22,2002
Andorra,,2002
Australia,,2002
Austria,2,2002
Azerbaijan,49,2002
Belarus,169,2002
Bolivia,15,2002
Brazil,26,2002
Bulgaria,260,2002
Burkina Faso,,2002
Burundi,,2002
Canada,3,2002
Chile,3,2002
Colombia,334,2002
Costa Rica,4,2002
Cyprus,,2002
Czech Republic,2,2002
Denmark,,2002
Ecuador,48,2002
El Salvador,13,2002
Estonia,10,2002
Finland,,2002
France,,2002
Georgia,56,2002
Germany,,2002
Guinea,1,2002
Iceland,,2002
India,463,2002
Israel,1,2002
Italy,,2002
Latvia,33,2002
Lithuania,21,2002
Luxembourg,,2002
Madagascar,5,2002
Malta,,2002
Mauritius,,2002
Mexico,61,2002
Moldova,7,2002
Monaco,,2002
Monglia,13,2002
Netherlands,,2002
New Zealand,,2002
Norway,,2002
Panama,5,2002
Paraguay,1,2002
Peru,21,2002
Philippines,218,2002
Poland,101,2002
Portugal,3,2002
Romania,168,2002
San Marino,,2002
Slovakia,19,2002
Slovenia,,2002
South Africa,28,2002
Spain,,2002
Sri Lanka,4,2002
Sweden,,2002
Switzerland,,2002
Thailand,67,2002
Turkey,2,2002
United Kingdom,5,2002
Uruguay,,2002
Venezuela,1,2002
Afghanistan,1,2002
Algeria,1,2002
Armenia,27,2002
Bangladesh,7,2002
Barbados,1,2002
Belize,6,2002
Bosnia and Herzegovina,3,2002
Cambodia,285,2002
Cameroon,2,2002
China,6168,2002
Congo,6,2002
Cote d'Ivoire,2,2002
Croatia,5,2002
Dominica,1,2002
Domincan Republic,14,2002
Egypt,1,2002
Etriea,3,2002
Ethiopia,105,2002
Fiji,4,2002
Ghana,8,2002
Greece,2,2002
Guatemala,2419,2002
Guyana,16,2002
Haiti,187,2002
Honduras,5,2002
Hong Kong S.A.R.,21,2002
Hungary,21,2002
Indonesia,5,2002
Iran,9,2002
Jamaica,39,2002
Japan,40,2002
Jordan,2,2002
Kazakhstan,816,2002
Kenya,33,2002
Lebanon,16,2002
Lesotho,6,2002
Liberia,23,2002
Macedonia,4,2002
Malaysia,2,2002
Morocco,7,2002
Mozambique,3,2002
Nepal,12,2002
Nicaragua,6,2002
Nigeria,45,2002
Pakistan,25,2002
Papua New Guinea,1,2002
Republic of the Marshall Islands,2,2002
Russia,4938,2002
Samoa,12,2002
Senegal,2,2002
Serbia and Montenegro,8,2002
Sierra Leone,33,2002
Somalia,1,2002
South Korea,1776,2002
St. Kitts and Nevis,1,2002
St. Lucia,3,2002
St. Vincent and the Grenadines,3,2002
Suriname,2,2002
Tajikistan,2,2002
Tanzania,3,2002
The Gambia,1,2002
Trinidad and Tobago,3,2002
Tunisia,1,2002
Turkmenistan,1,2002
Uganda,19,2002
Ukraine,1106,2002
United States,2,2002
Uzbekistan,1,2002
Vietnam,766,2002
Zambia,2,2002
Zimbabwe,1,2002
Afghanistan,3,2003
Algeria,1,2003
Armenia,43,2003
Bangladesh,7,2003
Barbados,1,2003
Belize,12,2003
Bhutan,1,2003
Bosnia and Herzegovina,2,2003
Burma,2,2003
Cambodia,147,2003
Cameroon,7,2003
China,6966,2003
Congo,7,2003
Cote d'Ivoire,1,2003
Croatia,2,2003
Dominica,1,2003
Dominican Republic,19,2003
Egypt,1,2003
Eritrea,7,2003
Ethiopia,165,2003
Federated States of Micronesia,1,2003
Fiji,3,2003
Ghana,6,2003
Greece,3,2003
Grenada,2,2003
Guatemala,2328,2003
Guyana,21,2003
Haiti,248,2003
Honduras,13,2003
Hong Kong S.A.R.,15,2003
Hungary,16,2003
Indonesia,4,2003
Iran,12,2003
Jamaica,36,2003
Japan,36,2003
Jordan,8,2003
Kazakhstan,832,2003
Kenya,33,2003
Laos,2,2003
Lebanon,6,2003
Liberia,27,2003
Malawi,3,2003
Malaysia,2,2003
Morelos,1,2003
Morocco,8,2003
Mozambique,2,2003
Nepal,42,2003
Nicaragua,11,2003
Nigeria,47,2003
Pakistan,21,2003
Republic of the Marshall Islands,9,2003
Russia,5208,2003
Rwanda,1,2003
Samoa,45,2003
Senegal,1,2003
Serbia and Montenegro,7,2003
Seychelles,1,2003
Sierra Leone,56,2003
South Korea,1787,2003
St. Lucia,2,2003
St. Vincent and the Grenadines,3,2003
Sudan,6,2003
Tajikistan,4,2003
Tanzania,2,2003
Trinidad and Tobago,6,2003
Uganda,3,2003
Ukraine,702,2003
Uzbekistan,2,2003
Vietnam,382,2003
Zambia,4,2003
Zimbabwe,3,2003
Albania,8,2005
Austria,1,2005
Belgium,3,2005
Belize,13,2005
Bolivia,6,2005
Brazil,67,2005
Bulgaria,28,2005
Canada,2,2005
Cape Verde,1,2005
Chile,3,2005
China,8020,2005
Colombia,320,2005
Costa Rica,3,2005
Cyprus,4,2005
Czech Republic,2,2005
Dominican Republic,21,2005
Ecuador,30,2005
El Salvador,14,2005
Finland,9,2005
France,2,2005
Georgia,62,2005
Germany,7,2005
Greece,1,2005
Guatemala,3890,2005
Hungary,7,2005
Iceland,1,2005
India,330,2005
Israel,3,2005
Kenya,54,2005
Macedonia,1,2005
Madagascar,3,2005
Mexico,91,2005
Netherlands,1,2005
New Zealand,7,2005
Panama,22,2005
Peru,29,2005
Philippines,300,2005
Poland,119,2005
Romania,36,2005
South Africa,17,2005
Sri Lanka,2,2005
Thailand,66,2005
Turkey,10,2005
United Kingdom,4,2005
"Bahamas, The",1,2005
Bangladesh,10,2005
Barbados,18,2005
Bermuda,1,2005
Cameroon,9,2005
Congo,6,2005
Cote D’Ivoire,3,2005
Croatia,2,2005
Djibouti,3,2005
Egypt,5,2005
Eritrea,11,2005
Ethiopia,479,2005
Fiji,6,2005
Ghana,25,2005
Guyana,29,2005
Haiti,243,2005
Honduras,9,2005
Indonesia,2,2005
Jamaica,61,2005
Japan,29,2005
Jordan,3,2005
Kazakhstan,695,2005
South Korea,1601,2005
Laos,4,2005
Lebanon,2,2005
Liberia,271,2005
Malawi,2,2005
Malaysia,1,2005
Morocco,5,2005
Nepal,60,2005
Nicaragua,29,2005
Nigeria,61,2005
Pakistan,29,2005
Russia,3969,2005
Senegal,27,2005
Serbia and Montenegro,5,2005
Singapore,2,2005
Suriname,1,2005
Taiwan,150,2005
Tanzania,4,2005
Trinidad and Tobago,1,2005
Tunisia,2,2005
Ukraine,849,2005
United Arab Emirates,1,2005
Vietnam,7,2005
Zambia,8,2005
Albania,12,2006
Armenia,27,2006
Belize,9,2006
Bolivia,1,2006
Brazil,57,2006
Bulgaria,25,2006
Burkina Faso,2,2006
Canada,2,2006
Chile,3,2006
China,5970,2006
Colombia,327,2006
Czech Republic,2,2006
Dominican Republic,20,2006
Ecuador,25,2006
El Salvador,21,2006
Finland,9,2006
Georgia,17,2006
Germany,2,2006
Guatemala,4275,2006
Hungary,11,2006
India,325,2006
Israel,3,2006
Kenya,32,2006
Macedonia,3,2006
Mexico,75,2006
Norway,1,2006
Panama,13,2006
Peru,48,2006
Philippines,234,2006
Poland,99,2006
Portugal,4,2006
Romania,23,2006
South Africa,9,2006
Sri Lanka,8,2006
Switzerland,1,2006
Thailand,65,2006
Togo,1,2006
Turkey,14,2006
United Kingdom,8,2006
Algeria,2,2006
Bangladesh,14,2006
Barbados,11,2006
Burma,2,2006
Cameroon,14,2006
Congo,5,2006
Cote D’Ivoire,3,2006
Croatia,3,2006
Egypt,2,2006
Eritrea,7,2006
Ethiopia,807,2006
Fiji,1,2006
Ghana,30,2006
Guyana,15,2006
Haiti,297,2006
Honduras,3,2006
Indonesia,5,2006
Ireland,1,2006
Jamaica,53,2006
Japan,53,2006
Jordan,1,2006
Kazakhstan,599,2006
South Korea,1381,2006
Laos,5,2006
Lebanon,4,2006
Liberia,309,2006
Malawi,1,2006
Malaysia,1,2006
Morocco,12,2006
Nepal,79,2006
Nicaragua,39,2006
Niger,1,2006
Nigeria,42,2006
Oman,1,2006
Pakistan,48,2006
Russia,3461,2006
Saudi Arabia,1,2006
Senegal,26,2006
Serbia and Montenegro,4,2006
Singapore,1,2006
Suriname,2,2006
Syria,2,2006
Taiwan,201,2006
Tanzania,10,2006
Trinidad and Tobago,2,2006
Tunisia,4,2006
Uganda,18,2006
Ukraine,331,2006
United Arab Emirates,5,2006
Uzbekistan,7,2006
Vietnam,342,2006
Zambia,20,2006
Zimbabwe,6,2006
Armenia,33,2007
Belize,5,2007
Bolivia,4,2007
Brazil,62,2007
Bulgaria,16,2007
Canada,4,2007
China,5075,2007
Colombia,332,2007
Costa Rica,1,2007
Czech Republic,3,2007
Dominican Republic,24,2007
Ecuador,21,2007
El Salvador,16,2007
Estonia,6,2007
Finland,13,2007
Georgia,13,2007
Germany,2,2007
Guatemala,4849,2007
Hungary,11,2007
India,414,2007
Kenya,31,2007
Latvia,13,2007
Madagascar,2,2007
Mexico,85,2007
New Zealand,1,2007
Panama,3,2007
Peru,25,2007
Philippines,288,2007
Poland,142,2007
Portugal,1,2007
Romania,28,2007
South Africa,12,2007
Spain,1,2007
Sri Lanka,3,2007
Thailand,63,2007
Turkey,13,2007
United Kingdom,3,2007
Algeria,2,2007
Bangladesh,7,2007
Barbados,11,2007
Benin,1,2007
Cameroon,14,2007
Congo,8,2007
Cote D’Ivoire,1,2007
Croatia,1,2007
Djibouti,1,2007
Egypt,3,2007
Eritrea,1,2007
Ethiopia,1289,2007
Fiji,7,2007
Ghana,43,2007
Guyana,31,2007
Haiti,207,2007
Honduras,25,2007
Indonesia,2,2007
Jamaica,42,2007
Japan,24,2007
Jordan,1,2007
Kazakhstan,570,2007
South Korea,913,2007
Lebanon,8,2007
Liberia,335,2007
Malaysia,3,2007
Morocco,6,2007
Nepal,19,2007
Nicaragua,20,2007
Niger,1,2007
Nigeria,48,2007
Pakistan,39,2007
Russia,2022,2007
Senegal,22,2007
Serbia and Montenegro,4,2007
Suriname,3,2007
Syria,1,2007
Taiwan,198,2007
Tanzania,7,2007
Trinidad and Tobago,3,2007
Tunisia,2,2007
Uganda,54,2007
Ukraine,664,2007
United Arab Emirates,1,2007
Uzbekistan,13,2007
Vietnam,855,2007
Zambia,19,2007
Zimbabwe,1,2007
Albania,12,2008
Armenia,28,2008
Australia,1,2008
Belize,8,2008
Brazil,32,2008
Bulgaria,3,2008
Burkina Faso,2,2008
Canada,2,2008
Cape Verde,1,2008
China,3701,2008
Colombia,277,2008
Costa Rica,2,2008
Dominican Republic,15,2008
Ecuador,23,2008
El Salvador,17,2008
Estonia,15,2008
France,1,2008
Georgia,5,2008
Germany,6,2008
Guatemala,3235,2008
Hungary,11,2008
India,315,2008
Israel,1,2008
Kenya,40,2008
Latvia,35,2008
Macedonia,1,2008
Mexico,100,2008
Mongolia,2,2008
New Zealand,2,2008
Panama,4,2008
Peru,33,2008
Philippines,291,2008
Poland,82,2008
Romania,29,2008
South Africa,13,2008
Sri Lanka,5,2008
Thailand,59,2008
Togo,2,2008
Turkey,4,2008
United Kingdom,5,2008
Algeria,1,2008
Bangladesh,10,2008
Barbados,10,2008
Benin,2,2008
Cameroon,8,2008
Congo,11,2008
Cote D’Ivoire,2,2008
Croatia,2,2008
Egypt,1,2008
Eritrea,1,2008
Ethiopia,1808,2008
Fiji,3,2008
Gabon,2,2008
Ghana,101,2008
Guyana,17,2008
Haiti,314,2008
Honduras,10,2008
Indonesia,8,2008
Ireland,1,2008
Jamaica,36,2008
Japan,38,2008
Jordan,2,2008
Kazakhstan,411,2008
South Korea,1084,2008
Laos,9,2008
Lebanon,13,2008
Liberia,186,2008
Malawi,2,2008
Malaysia,1,2008
Morocco,12,2008
Nepal,54,2008
Nicaragua,14,2008
Nigeria,160,2008
Pakistan,41,2008
Russia,1795,2008
Senegal,12,2008
Serbia and Montenegro,8,2008
Suriname,2,2008
Taiwan,265,2008
Tanzania,4,2008
Trinidad and Tobago,4,2008
Tunisia,2,2008
Uganda,55,2008
Ukraine,505,2008
United Arab Emirates,4,2008
Uzbekistan,15,2008
Vietnam,827,2008
Zambia,7,2008
Albania,7,2009
Armenia,14,2009
Belize,4,2009
Brazil,35,2009
Bulgaria,24,2009
Burkina Faso,2,2009
Canada,2,2009
China,2939,2009
Colombia,228,2009
Dominican Republic,10,2009
Ecuador,10,2009
El Salvador,11,2009
Estonia,12,2009
France,1,2009
Germany,5,2009
Greece,2,2009
Guatemala,329,2009
Hungary,5,2009
India,270,2009
Israel,1,2009
Kenya,44,2009
Latvia,24,2009
Lithuania,13,2009
Macedonia,2,2009
Mexico,73,2009
Mongolia,5,2009
New Zealand,3,2009
Peru,36,2009
Philippines,290,2009
Poland,66,2009
Romania,6,2009
South Africa,21,2009
Sri Lanka,4,2009
Thailand,54,2009
Turkey,7,2009
United Kingdom,5,2009
Algeria,5,2009
Argentina,1,2009
Bangladesh,9,2009
Barbados,28,2009
Bosnia and Herzegovina,3,2009
Cameroon,9,2009
Congo,21,2009
Cote D’Ivoire,4,2009
Egypt,2,2009
Eritrea,5,2009
Ethiopia,2446,2009
Fiji,8,2009
Ghana,106,2009
Guyana,48,2009
Haiti,319,2009
Honduras,6,2009
Indonesia,1,2009
Jamaica,71,2009
Japan,44,2009
Jordan,2,2009
Kazakhstan,284,2009
South Korea,985,2009
Laos,4,2009
Lebanon,6,2009
Liberia,14,2009
Malawi,2,2009
Malaysia,1,2009
Morocco,26,2009
Nepal,7,2009
Nicaragua,23,2009
Nigeria,139,2009
Pakistan,38,2009
Papua New Guinea,1,2009
Russia,1428,2009
Senegal,14,2009
Serbia and Montenegro,8,2009
Sierra Leone,5,2009
Singapore,1,2009
Taiwan,259,2009
Tanzania,3,2009
Trinidad and Tobago,2,2009
Uganda,72,2009
Ukraine,544,2009
United Arab Emirates,2,2009
Uzbekistan,4,2009
Vietnam,196,2009
Zambia,8,2009
Zimbabwe,2,2009
Albania,6,2010
Algeria,3,2010
Antigua and Barbuda,1,2010
Armenia,18,2010
Bangladesh,10,2010
Barbados,1,2010
Belize,5,2010
Bhutan,1,2010
Bosnia and Herzegovina,1,2010
Brazil,27,2010
Bulgaria,40,2010
Cameroon,13,2010
China,3401,2010
Colombia,235,2010
Congo,42,2010
Cote D`Ivoire,4,2010
Croatia,1,2010
Dominica,7,2010
Dominican Republic,7,2010
Ecuador,12,2010
Egypt,3,2010
El Salvador,10,2010
Eritrea,2,2010
Estonia,19,2010
Ethiopia,2513,2010
Fiji,2,2010
Georgia,2,2010
Ghana,117,2010
Great Britain and No. Ireland,2,2010
Grenada,3,2010
Guatemala,51,2010
Guinea,1,2010
Guinea - Bissau,2,2010
Guyana,32,2010
Haiti,133,2010
Honduras,9,2010
Hong Kong SAR,14,2010
Hungary,5,2010
India,243,2010
Indonesia,3,2010
Iran,12,2010
Jamaica,59,2010
Japan,33,2010
Jordan,1,2010
Kazakhstan,181,2010
Kenya,14,2010
Kosovo,3,2010
Kyrgyzstan,1,2010
Laos,7,2010
Latvia,39,2010
Lebanon,2,2010
Lesotho,13,2010
Liberia,48,2010
Lithuania,15,2010
Malawi,4,2010
Mali,3,2010
Mexico,53,2010
Moldova,14,2010
Mongolia,1,2010
Montenegro,1,2010
Morocco,32,2010
Mozambique,1,2010
Nepal,30,2010
Nicaragua,11,2010
Niger,1,2010
Nigeria,189,2010
Pakistan,41,2010
Panama,3,2010
Peru,35,2010
Philippines,214,2010
Poland,50,2010
Rep. of The Marshall Islands,19,2010
Russia,1082,2010
Rwanda,40,2010
Samoa,3,2010
Senegal,1,2010
Serbia,12,2010
Sierra Leone,14,2010
Singapore,1,2010
South Africa,3,2010
South Korea,863,2010
Sri Lanka,4,2010
St. Barthelemy,1,2010
St. Kitts and Nevis,2,2010
St. Lucia,3,2010
St. Vincent and The Grenadines,9,2010
Swaziland,8,2010
Taiwan,285,2010
Tanzania,2,2010
Thailand,55,2010
The Bahamas,1,2010
Togo,3,2010
Tonga,3,2010
Trinidad and Tobago,2,2010
Uganda,62,2010
Ukraine,445,2010
Uzbekistan,5,2010
Vietnam,9,2010
Zambia,8,2010
Zimbabwe,2,2010
Albania,3,2011
Algeria,2,2011
Antigua and Barbuda,2,2011
Argentina,1,2011
Armenia,22,2011
Bangladesh,10,2011
Belarus,1,2011
Belgium,1,2011
Belize,6,2011
Benin,1,2011
Bosnia and Herzegovina,1,2011
Brazil,9,2011
Bulgaria,75,2011
Burkina Faso,2,2011
Burundi,1,2011
Cameroon,23,2011
Canada,9,2011
Cape Verde,1,2011
Chile,1,2011
China,2589,2011
Colombia,216,2011
Congo,133,2011
Cote D`Ivoire,2,2011
Dominica,1,2011
Dominican Republic,5,2011
Ecuador,6,2011
Egypt,1,2011
El Salvador,8,2011
Eritrea,4,2011
Estonia,7,2011
Ethiopia,1727,2011
Ghana,100,2011
Great Britain and No. Ireland,9,2011
Grenada,3,2011
Guatemala,32,2011
Guinea-Bissau,2,2011
Guyana,45,2011
Haiti,33,2011
Honduras,11,2011
Hong Kong SAR,12,2011
Hungary,4,2011
India,228,2011
Indonesia,1,2011
Iran,5,2011
Israel,1,2011
Ireland,1,2011
Jamaica,100,2011
Japan,27,2011
Jordan,5,2011
Kazakhstan,86,2011
Kenya,6,2011
Laos,6,2011
Latvia,56,2011
Lebanon,4,2011
Lesotho,10,2011
Liberia,29,2011
Lithuania,20,2011
Madagascar,1,2011
Malawi,3,2011
Mexico,22,2011
Moldova,10,2011
Morocco,46,2011
Namibia,1,2011
Nepal,65,2011
Nicaragua,30,2011
Nigeria,148,2011
Pakistan,25,2011
Panama,1,2011
Papua New Guinea,2,2011
Paraguay,4,2011
Peru,13,2011
Philippines,230,2011
Poland,52,2011
Rep. of The Marshall Islands,20,2011
Russia,970,2011
Rwanda,58,2011
Senegal,1,2011
Serbia,7,2011
Sierra Leone,7,2011
Singapore,1,2011
Somalia,5,2011
South Africa,3,2011
South Korea,736,2011
Sri Lanka,3,2011
St. Kitts and Nevis,4,2011
St. Lucia,4,2011
St. Vincent and The Grenadines,14,2011
Sudan,1,2011
Suriname,2,2011
Swaziland,1,2011
Taiwan,205,2011
Tajikistan,2,2011
Tanzania,2,2011
Thailand,45,2011
The Bahamas,2,2011
The Gambia,1,2011
Tonga,4,2011
Trinidad and Tobago,6,2011
Uganda,207,2011
Ukraine,632,2011
Zambia,16,2011
Zimbabwe,2,2011
Afghanistan,2,2012
Albania,1,2012
Algeria,2,2012
Antigua and Barbuda,5,2012
Armenia,19,2012
Azerbaijan,3,2012
Bangladesh,19,2012
Belize,1,2012
Bhutan,1,2012
Brazil,21,2012
Bulgaria,125,2012
Cameroon,12,2012
Canada,5,2012
China,2697,2012
Colombia,195,2012
Congo,241,2012
Costa Rica,6,2012
Cote D'Ivoire,11,2012
Dominica,10,2012
Dominican Republic,5,2012
Djibouti,1,2012
Ecuador,15,2012
Egypt,1,2012
El Salvador,6,2012
Eritrea,4,2012
Estonia,4,2012
Ethiopia,1568,2012
Fiji,1,2012
France,1,2012
French Polynesia,1,2012
"Gambia, The",1,2012
Ghana,171,2012
Grenada,4,2012
Guatemala,7,2012
Guinea,1,2012
Guinea-Bissau,1,2012
Guyana,36,2012
Haiti,154,2012
Honduras,10,2012
Hong Kong,12,2012
Hungary,24,2012
Iceland,1,2012
India,159,2012
Indonesia,3,2012
Iran,4,2012
Jamaica,43,2012
Japan,21,2012
Jordan,2,2012
Kenya,6,2012
Kosovo,1,2012
Kyrgyzstan,9,2012
Laos,1,2012
Latvia,82,2012
Lebanon,4,2012
Lesotho,5,2012
Liberia,34,2012
Lithuania,8,2012
Madagascar,1,2012
Malawi,6,2012
Malaysia,3,2012
Marshall Islands,16,2012
Mexico,21,2012
Moldova,3,2012
Mongolia,1,2012
Morocco,57,2012
Mozambique,3,2012
Nepal,3,2012
Nicaragua,21,2012
Niger,2,2012
Nigeria,197,2012
Oman,1,2012
Pakistan,29,2012
Panama,2,2012
Papua New Guinea,1,2012
Peru,26,2012
Philippines,125,2012
Poland,35,2012
South Korea,627,2012
Russia,748,2012
Rwanda,23,2012
Samoa,3,2012
Senegal,1,2012
Serbia,5,2012
Sierra Leone,2,2012
South Africa,7,2012
Sri Lanka,1,2012
St. Kitts and Nevis,1,2012
St. Lucia,2,2012
St. Vincent and The Grenadines,6,2012
Swaziland,1,2012
Taiwan,177,2012
Tanzania,1,2012
Thailand,57,2012
Timor-Leste,1,2012
Tonga,5,2012
Trinidad and Tobago,6,2012
Tunisia,1,2012
Turkey,1,2012
Uganda,238,2012
Ukraine,395,2012
United Kingdom,5,2012
Uzbekistan,2,2012
Venezuela,1,2012
Zambia,11,2012
Afghanistan,2,2013
Albania,6,2013
Algeria,2,2013
Armenia,12,2013
Azerbaijan,2,2013
Bangladesh,14,2013
Belize,11,2013
Benin,1,2013
Bosnia and Herzegovina,1,2013
Brazil,23,2013
Bulgaria,159,2013
Burkina Faso,3,2013
Burundi,1,2013
Cameroon,7,2013
Canada,4,2013
China,2306,2013
Colombia,159,2013
Congo,317,2013
Costa Rica,10,2013
Cote D'Ivoire,2,2013
Dominica,5,2013
Dominican Republic,13,2013
Ecuador,11,2013
Egypt,1,2013
El Salvador,7,2013
Eritrea,7,2013
Ethiopia,993,2013
Fiji,1,2013
"Gambia, The",2,2013
Georgia,5,2013
Ghana,170,2013
Greece,1,2013
Grenada,3,2013
Guatemala,23,2013
Guinea,1,2013
Guinea-Bissau,5,2013
Guyana,50,2013
Haiti,388,2013
Honduras,19,2013
Hong Kong,17,2013
Hungary,23,2013
India,119,2013
Indonesia,2,2013
Iran,3,2013
Jamaica,79,2013
Japan,22,2013
Jordan,4,2013
Kenya,4,2013
Latvia,89,2013
Lebanon,2,2013
Lesotho,3,2013
Liberia,12,2013
Lithuania,11,2013
Malawi,10,2013
Malaysia,2,2013
Marshall Islands,18,2013
Mexico,21,2013
Mongolia,2,2013
Morocco,24,2013
Mozambique,3,2013
Namibia,1,2013
Nicaragua,37,2013
Niger,2,2013
Nigeria,183,2013
Pakistan,47,2013
Panama,4,2013
Peru,21,2013
Philippines,178,2013
Poland,49,2013
South Korea,138,2013
Russia,250,2013
Samoa,9,2013
Serbia,7,2013
Sierra Leone,33,2013
Singapore,1,2013
South Africa,17,2013
South Sudan,2,2013
St. Lucia,1,2013
St. Vincent and the Grenadines,18,2013
Sudan,1,2013
Suriname,1,2013
Syria,1,2013
Taiwan,94,2013
Tanzania,9,2013
Thailand,36,2013
Togo,1,2013
Tonga,4,2013
Trinidad and Tobago,2,2013
Uganda,276,2013
Ukraine,438,2013
United Kingdom,10,2013
Vanuatu,1,2013
Zambia,5,2013
Afghanistan,3,2014
Albania,6,2014
Armenia,9,2014
"Bahamas, The",3,2014
Bangladesh,19,2014
Belgium,1,2014
Belize,7,2014
Botswana,2,2014
Brazil,9,2014
Bulgaria,183,2014
Burkina Faso,6,2014
Burundi,1,2014
Cameroon,5,2014
Canada,5,2014
China,2040,2014
Colombia,172,2014
Congo,230,2014
Costa Rica,12,2014
Cote d'Ivoire,3,2014
Czech Republic,1,2014
Dominica,11,2014
Dominican Republic,9,2014
Ecuador,11,2014
Egypt,1,2014
El Salvador,5,2014
Eritrea,6,2014
Ethiopia,716,2014
"Gambia, The",2,2014
Georgia,2,2014
Ghana,124,2014
Greece,1,2014
Grenada,1,2014
Guatemala,29,2014
Guinea,4,2014
Guinea-Bissau,2,2014
Guyana,39,2014
Haiti,464,2014
Honduras,20,2014
Hong Kong SAR,28,2014
Hungary,22,2014
India,136,2014
Indonesia,1,2014
Iran,2,2014
Italy,2,2014
Jamaica,61,2014
Japan,20,2014
Jordan,1,2014
Kenya,10,2014
Kosovo,1,2014
Kyrgyzstan,9,2014
Latvia,80,2014
Lebanon,2,2014
Liberia,16,2014
Lithuania,14,2014
Macedonia,4,2014
Malaysia,1,2014
Marshall Islands,29,2014
Mexico,12,2014
Moldova,3,2014
Mongolia,3,2014
Morocco,43,2014
Namibia,1,2014
Nepal,1,2014
Netherlands,1,2014
Nicaragua,32,2014
Niger,1,2014
Nigeria,130,2014
Pakistan,31,2014
Peru,30,2014
Philippines,172,2014
Poland,53,2014
Romania,3,2014
Russia,2,2014
Samoa,7,2014
Senegal,1,2014
Serbia,6,2014
Sierra Leone,33,2014
Solomon Islands,1,2014
Somalia,1,2014
South Africa,24,2014
South Korea,370,2014
St. Vincent and the Grenadines,12,2014
Sudan,4,2014
Suriname,1,2014
Syria,5,2014
Taiwan,69,2014
Tanzania,4,2014
Thailand,28,2014
Togo,3,2014
Tonga,6,2014
Trinidad and Tobago,1,2014
Tunisia,2,2014
Uganda,201,2014
Ukraine,521,2014
"United Kingdom, The",8,2014
Uzbekistan,2,2014
Venezuela,1,2014
Yemen,1,2014
Zambia,8,2014
Afghanistan,2,2015
Albania,6,2015
Algeria,1,2015
Antigua and Barbuda,1,2015
Armenia,19,2015
Bangladesh,9,2015
Belize,1,2015
Benin,1,2015
Brazil,7,2015
Bulgaria,185,2015
Burkina Faso,5,2015
Burundi,10,2015
Cameroon,15,2015
Canada,5,2015
Central African Republic,4,2015
China,2354,2015
Colombia,153,2015
Congo,169,2015
Costa Rica,15,2015
Dominica,2,2015
Dominican Republic,11,2015
Ecuador,6,2015
El Salvador,4,2015
Equatorial Guinea,1,2015
Eritrea,2,2015
Ethiopia,335,2015
Gabon,1,2015
Georgia,3,2015
Germany,4,2015
Ghana,85,2015
Grenada,5,2015
Guatemala,13,2015
Guinea,2,2015
Guinea - Bissau,3,2015
Guyana,31,2015
Haiti,143,2015
Honduras,24,2015
Hong Kong SAR,19,2015
Hungary,18,2015
India,138,2015
Indonesia,1,2015
Iran,4,2015
Israel,1,2015
Jamaica,42,2015
Japan,19,2015
Jordan,1,2015
Kenya,2,2015
Kyrgyzstan,26,2015
Latvia,170,2015
Liberia,8,2015
Lithuania,11,2015
Malawi,3,2015
Mali,1,2015
Marshall Islands,21,2015
Mexico,24,2015
Moldova,4,2015
Mongolia,1,2015
Morocco,22,2015
Nepal,2,2015
Nicaragua,27,2015
Niger,6,2015
Nigeria,154,2015
Pakistan,30,2015
Peru,7,2015
Philippines,150,2015
Poland,60,2015
Romania,3,2015
Samoa,12,2015
Serbia,2,2015
Sierra Leone,18,2015
South Africa,33,2015
South Korea,318,2015
Sri Lanka,1,2015
St. Kitts and Nevis,1,2015
St. Lucia,7,2015
St. Vincent and the Grenadines,11,2015
Suriname,1,2015
Taiwan,59,2015
Thailand,47,2015
Timor-Leste,4,2015
Trinidad and Tobago,4,2015
Tunisia,1,2015
Uganda,202,2015
Ukraine,303,2015
"United Kingdom, The",2,2015
Uzbekistan,1,2015
Zambia,9,2015
Albania,9,2016
Algeria,1,2016
Antigua and Barbuda,1,2016
Armenia,15,2016
"Bahamas, The",1,2016
Bangladesh,15,2016
Belarus,1,2016
Belize,2,2016
Brazil,7,2016
Bulgaria,201,2016
Burkina Faso,2,2016
Burundi,8,2016
Cameroon,11,2016
Canada,1,2016
Central African Republic,3,2016
Chad,1,2016
China,2231,2016
Colombia,131,2016
Congo,361,2016
Costa Rica,19,2016
Cote d’Ivoire,1,2016
Dominica,4,2016
Dominican Republic,7,2016
Ecuador,5,2016
Egypt,3,2016
El Salvador,2,2016
Eritrea,4,2016
Ethiopia,183,2016
Gabon,1,2016
"Gambia, The",1,2016
Georgia,4,2016
Ghana,29,2016
Grenada,2,2016
Guatemala,2,2016
Guinea,3,2016
Guyana,19,2016
Haiti,178,2016
Honduras,20,2016
Hong Kong SAR,7,2016
Hungary,16,2016
India,194,2016
Iran,2,2016
Israel,1,2016
Jamaica,56,2016
Japan,21,2016
Kenya,1,2016
Kyrgyzstan,22,2016
Latvia,81,2016
Lebanon,3,2016
Lesotho,4,2016
Liberia,10,2016
Lithuania,7,2016
Malawi,3,2016
Malaysia,7,2016
"Marshall Islands, The",10,2016
Mexico,17,2016
Moldova,2,2016
Mongolia,1,2016
Morocco,21,2016
Nicaragua,12,2016
Niger,3,2016
Nigeria,121,2016
Pakistan,39,2016
Panama,1,2016
Peru,14,2016
Philippines,156,2016
Poland,98,2016
Romania,5,2016
Samoa,7,2016
Serbia,2,2016
Sierra Leone,22,2016
Sint Maarten,1,2016
South Africa,25,2016
South Korea,260,2016
Sri Lanka,1,2016
St. Martin,1,2016
St. Vincent and the Grenadines,1,2016
Sudan,2,2016
Taiwan,59,2016
Tanzania,5,2016
Thailand,45,2016
Togo,1,2016
Tonga,2,2016
Trinidad and Tobago,3,2016
Tunisia,1,2016
Uganda,187,2016
Ukraine,303,2016
United Kingdom,3,2016
Vietnam,13,2016
Zambia,4,2016
Albania,5,2017
Algeria,4,2017
Armenia,10,2017
Bangladesh,10,2017
Belize,1,2017
Brazil,20,2017
Bulgaria,147,2017
Burkina Faso,3,2017
Burundi,21,2017
Cameroon,22,2017
Canada,5,2017
Central African Republic,4,2017
China,1905,2017
Colombia,181,2017
Congo,30,2017
Costa Rica,15,2017
Cote d’Ivoire,4,2017
Dominica,4,2017
Dominican Republic,11,2017
Ecuador,5,2017
Egypt,1,2017
El Salvador,9,2017
Eritrea,1,2017
Ethiopia,313,2017
Georgia,2,2017
Ghana,21,2017
Grenada,5,2017
Guatemala,1,2017
Guinea,1,2017
Guyana,22,2017
Haiti,227,2017
Honduras,14,2017
Hong Kong SAR,7,2017
Hungary,23,2017
India,221,2017
Iran,7,2017
Italy,1,2017
Jamaica,51,2017
Japan,22,2017
Jordan,1,2017
Kenya,1,2017
Kyrgyzstan,16,2017
Laos,2,2017
Latvia,71,2017
Lebanon,4,2017
Lesotho,2,2017
Liberia,20,2017
Lithuania,2,2017
Malawi,4,2017
Malaysia,2,2017
"Marshall Islands, The",10,2017
Mexico,12,2017
Moldova,1,2017
Mongolia,1,2017
Morocco,31,2017
Nepal,1,2017
New Zealand,1,2017
Nicaragua,13,2017
Niger,2,2017
Nigeria,176,2017
Pakistan,30,2017
Panama,1,2017
Peru,4,2017
Philippines,111,2017
Poland,65,2017
Romania,2,2017
Rwanda,1,2017
Samoa,7,2017
Serbia,3,2017
Sierra Leone,44,2017
South Africa,20,2017
South Korea,276,2017
St. Kitts and Nevis,2,2017
St. Vincent and the Grenadines,4,2017
Sudan,2,2017
Taiwan,44,2017
Tanzania,3,2017
Thailand,34,2017
Togo,2,2017
Tonga,2,2017
Uganda,55,2017
Ukraine,215,2017
United Kingdom,17,2017
Vietnam,30,2017
Yemen,6,2017
Zambia,2,2017
Zimbabwe,3,2017
Albania,3,2018
Algeria,5,2018
Armenia,12,2018
Azerbaijan,2,2018
"Bahamas, The",2,2018
Bangladesh,18,2018
Barbados,1,2018
Belize,11,2018
Brazil,9,2018
Bulgaria,134,2018
Burkina Faso,4,2018
Burundi,19,2018
Cameroon,2,2018
Canada,5,2018
Central African Republic,1,2018
China,1475,2018
Colombia,229,2018
Congo,12,2018
Costa Rica,14,2018
Cote d’Ivoire,9,2018
Dominican Republic,5,2018
Ecuador,7,2018
Egypt,1,2018
El Salvador,5,2018
Ethiopia,177,2018
"Gambia, The",1,2018
Georgia,2,2018
Ghana,15,2018
Great Britain (UK),1,2018
Greece,1,2018
Grenada,7,2018
Guatemala,1,2018
Guyana,13,2018
Haiti,196,2018
Honduras,14,2018
Hong Kong SAR,3,2018
Hungary,13,2018
India,302,2018
Indonesia,3,2018
Iran,1,2018
Jamaica,40,2018
Japan,14,2018
Kenya,1,2018
Kiribati,1,2018
South Korea,206,2018
Kyrgyzstan,17,2018
Latvia,79,2018
Lebanon,1,2018
Lesotho,2,2018
Liberia,30,2018
Lithuania,4,2018
Macau,1,2018
Madagascar,1,2018
Malawi,9,2018
Malaysia,1,2018
Mexico,26,2018
Moldova,2,2018
Morocco,18,2018
Namibia,1,2018
Nicaragua,3,2018
Nigeria,173,2018
Pakistan,35,2018
Peru,8,2018
"Philippines, The",105,2018
Poland,34,2018
Republic of the Marshall Islands,7,2018
Romania,6,2018
Samoa,2,2018
Serbia,3,2018
Sierra Leone,70,2018
Sint Maarten,2,2018
South Africa,28,2018
Sri Lanka,1,2018
St. Lucia,1,2018
St. Vincent and the Grenadines,1,2018
Sudan,1,2018
"Sudan, South",4,2018
Taiwan,32,2018
Tanzania,3,2018
Thailand,43,2018
Togo,2,2018
Tonga,2,2018
Uganda,26,2018
Ukraine,248,2018
Uzbekistan,1,2018
Vietnam,28,2018
Zimbabwe,1,2018
Afghanistan,2,2019
Albania,3,2019
Algeria,2,2019
Armenia,4,2019
Bangladesh,11,2019
Belize,9,2019
Brazil,15,2019
Bulgaria,134,2019
Burkina Faso,6,2019
Burundi,26,2019
Cameroon,4,2019
Canada,1,2019
China,819,2019
Colombia,244,2019
Congo,15,2019
Costa Rica,10,2019
Cote d’Ivoire,1,2019
Dominica,2,2019
Dominican Republic,8,2019
Ecuador,7,2019
Egypt,1,2019
El Salvador,5,2019
Ethiopia,11,2019
"Gambia, The",1,2019
Georgia,5,2019
Ghana,11,2019
Great Britain (UK),4,2019
Grenada,6,2019
Guinea,4,2019
Guyana,16,2019
Haiti,130,2019
Honduras,14,2019
Hong Kong SAR,3,2019
Hungary,30,2019
India,241,2019
Indonesia,1,2019
Iran,6,2019
Jamaica,44,2019
Japan,6,2019
Jordan,1,2019
South Korea,166,2019
Kyrgyzstan,7,2019
Latvia,38,2019
Lebanon,2,2019
Lesotho,3,2019
Liberia,51,2019
Lithuania,3,2019
"Macedonia, North",1,2019
Malawi,4,2019
Malaysia,1,2019
Mexico,27,2019
Moldova,1,2019
Morocco,30,2019
Nepal,1,2019
Nicaragua,2,2019
Nigeria,116,2019
Pakistan,22,2019
Peru,9,2019
"Philippines, The",94,2019
Poland,6,2019
Republic of the Marshall Islands,3,2019
Romania,5,2019
Rwanda,2,2019
Senegal,1,2019
Serbia,7,2019
Sierra Leone,34,2019
South Africa,17,2019
Sri Lanka,2,2019
St. Vincent and the Grenadines,2,2019
Taiwan,43,2019
Tanzania,1,2019
Thailand,38,2019
Togo,1,2019
Tonga,2,2019
Trinidad and Tobago,5,2019
Uganda,30,2019
Ukraine,298,2019
Vietnam,32,2019
Yemen,1,2019
Albania,1,2020
Algeria,1,2020
Bangladesh,11,2020
Belarus,2,2020
Belize,5,2020
Brazil,20,2020
Bulgaria,99,2020
Burkina Faso,6,2020
Burundi,17,2020
Cameroon,8,2020
China,202,2020
Colombia,137,2020
Congo,1,2020
Costa Rica,10,2020
Dominica,1,2020
Dominican Republic,6,2020
Ecuador,4,2020
Egypt,1,2020
El Salvador,1,2020
Ethiopia,6,2020
"Gambia, The",1,2020
Georgia,2,2020
Ghana,1,2020
Guinea,4,2020
Guyana,7,2020
Haiti,96,2020
Honduras,7,2020
Hong Kong S. A. R.,11,2020
Hungary,17,2020
India,103,2020
Iran,7,2020
Jamaica,30,2020
South Korea,188,2020
Kyrgyzstan,8,2020
Latvia,20,2020
Lebanon,1,2020
Lesotho,1,2020
Liberia,29,2020
Libya,1,2020
Lithuania,3,2020
Madagascar,1,2020
Malawi,8,2020
Mexico,11,2020
Morocco,17,2020
Nicaragua,1,2020
Nigeria,83,2020
Pakistan,28,2020
"Philippines, The",39,2020
Poland,3,2020
Republic of the Marshall Islands,1,2020
Romania,4,2020
Samoa,4,2020
Serbia,4,2020
sierra Leone,13,2020
South Africa,8,2020
South Sudan,3,2020
Sri Lanka,1,2020
Taiwan,42,2020
Tanzania,2,2020
Thailand,23,2020
Togo,1,2020
Tonga,4,2020
Uganda,15,2020
Ukraine,211,2020
Venezuela,1,2020
Vietnam,15,2020
Zambia,3,2020